{"Version":1,"ManifestType":"Publish","Endpoints":[{"Route":"avatars/baby.3kdb6b8z8a.png","AssetFile":"avatars/baby.png","Selectors":[],"ResponseHeaders":[{"Name":"Accept-Ranges","Value":"bytes"},{"Name":"Cache-Control","Value":"max-age=31536000, immutable"},{"Name":"Content-Length","Value":"85922"},{"Name":"Content-Type","Value":"image/png"},{"Name":"ETag","Value":"\"ndRdFYbAHXjGRLu51QGhRoLUuKu16vfT/wzqKVWnmPQ=\""},{"Name":"Last-Modified","Value":"Fri, 14 Nov 2025 15:34:39 GMT"}],"EndpointProperties":[{"Name":"fingerprint","Value":"3kdb6b8z8a"},{"Name":"integrity","Value":"sha256-ndRdFYbAHXjGRLu51QGhRoLUuKu16vfT/wzqKVWnmPQ="},{"Name":"label","Value":"avatars/baby.png"}]},{"Route":"avatars/baby.png","AssetFile":"avatars/baby.png","Selectors":[],"ResponseHeaders":[{"Name":"Accept-Ranges","Value":"bytes"},{"Name":"Cache-Control","Value":"no-cache"},{"Name":"Content-Length","Value":"85922"},{"Name":"Content-Type","Value":"image/png"},{"Name":"ETag","Value":"\"ndRdFYbAHXjGRLu51QGhRoLUuKu16vfT/wzqKVWnmPQ=\""},{"Name":"Last-Modified","Value":"Fri, 14 Nov 2025 15:34:39 GMT"}],"EndpointProperties":[{"Name":"integrity","Value":"sha256-ndRdFYbAHXjGRLu51QGhRoLUuKu16vfT/wzqKVWnmPQ="}]},{"Route":"avatars/carita-feliz-roja.orddzrzkli.png","AssetFile":"avatars/carita-feliz-roja.png","Selectors":[],"ResponseHeaders":[{"Name":"Accept-Ranges","Value":"bytes"},{"Name":"Cache-Control","Value":"max-age=31536000, immutable"},{"Name":"Content-Length","Value":"5423"},{"Name":"Content-Type","Value":"image/png"},{"Name":"ETag","Value":"\"9AXD2BCBiedvcL8eZ4umFHoPN+k2RVH05qBwRAsCq1Y=\""},{"Name":"Last-Modified","Value":"Fri, 14 Nov 2025 15:31:22 GMT"}],"EndpointProperties":[{"Name":"fingerprint","Value":"orddzrzkli"},{"Name":"integrity","Value":"sha256-9AXD2BCBiedvcL8eZ4umFHoPN+k2RVH05qBwRAsCq1Y="},{"Name":"label","Value":"avatars/carita-feliz-roja.png"}]},{"Route":"avatars/carita-feliz-roja.png","AssetFile":"avatars/carita-feliz-roja.png","Selectors":[],"ResponseHeaders":[{"Name":"Accept-Ranges","Value":"bytes"},{"Name":"Cache-Control","Value":"no-cache"},{"Name":"Content-Length","Value":"5423"},{"Name":"Content-Type","Value":"image/png"},{"Name":"ETag","Value":"\"9AXD2BCBiedvcL8eZ4umFHoPN+k2RVH05qBwRAsCq1Y=\""},{"Name":"Last-Modified","Value":"Fri, 14 Nov 2025 15:31:22 GMT"}],"EndpointProperties":[{"Name":"integrity","Value":"sha256-9AXD2BCBiedvcL8eZ4umFHoPN+k2RVH05qBwRAsCq1Y="}]},{"Route":"avatars/chicken.e70fjmwy58.png","AssetFile":"avatars/chicken.png","Selectors":[],"ResponseHeaders":[{"Name":"Accept-Ranges","Value":"bytes"},{"Name":"Cache-Control","Value":"max-age=31536000, immutable"},{"Name":"Content-Length","Value":"29208"},{"Name":"Content-Type","Value":"image/png"},{"Name":"ETag","Value":"\"NsbYcfmFaj6b10MVODx7JHEO0kqEnNFExFKx09SpjLA=\""},{"Name":"Last-Modified","Value":"Fri, 14 Nov 2025 15:34:17 GMT"}],"EndpointProperties":[{"Name":"fingerprint","Value":"e70fjmwy58"},{"Name":"integrity","Value":"sha256-NsbYcfmFaj6b10MVODx7JHEO0kqEnNFExFKx09SpjLA="},{"Name":"label","Value":"avatars/chicken.png"}]},{"Route":"avatars/chicken.png","AssetFile":"avatars/chicken.png","Selectors":[],"ResponseHeaders":[{"Name":"Accept-Ranges","Value":"bytes"},{"Name":"Cache-Control","Value":"no-cache"},{"Name":"Content-Length","Value":"29208"},{"Name":"Content-Type","Value":"image/png"},{"Name":"ETag","Value":"\"NsbYcfmFaj6b10MVODx7JHEO0kqEnNFExFKx09SpjLA=\""},{"Name":"Last-Modified","Value":"Fri, 14 Nov 2025 15:34:17 GMT"}],"EndpointProperties":[{"Name":"integrity","Value":"sha256-NsbYcfmFaj6b10MVODx7JHEO0kqEnNFExFKx09SpjLA="}]},{"Route":"avatars/panda-feliz.8cx4ieaa1c.png","AssetFile":"avatars/panda-feliz.png","Selectors":[],"ResponseHeaders":[{"Name":"Accept-Ranges","Value":"bytes"},{"Name":"Cache-Control","Value":"max-age=31536000, immutable"},{"Name":"Content-Length","Value":"15312"},{"Name":"Content-Type","Value":"image/png"},{"Name":"ETag","Value":"\"yOt7rvxYX6FpMie0W9vu1n5knnQynsGRfaywZ03cReY=\""},{"Name":"Last-Modified","Value":"Fri, 14 Nov 2025 15:32:18 GMT"}],"EndpointProperties":[{"Name":"fingerprint","Value":"8cx4ieaa1c"},{"Name":"integrity","Value":"sha256-yOt7rvxYX6FpMie0W9vu1n5knnQynsGRfaywZ03cReY="},{"Name":"label","Value":"avatars/panda-feliz.png"}]},{"Route":"avatars/panda-feliz.png","AssetFile":"avatars/panda-feliz.png","Selectors":[],"ResponseHeaders":[{"Name":"Accept-Ranges","Value":"bytes"},{"Name":"Cache-Control","Value":"no-cache"},{"Name":"Content-Length","Value":"15312"},{"Name":"Content-Type","Value":"image/png"},{"Name":"ETag","Value":"\"yOt7rvxYX6FpMie0W9vu1n5knnQynsGRfaywZ03cReY=\""},{"Name":"Last-Modified","Value":"Fri, 14 Nov 2025 15:32:18 GMT"}],"EndpointProperties":[{"Name":"integrity","Value":"sha256-yOt7rvxYX6FpMie0W9vu1n5knnQynsGRfaywZ03cReY="}]},{"Route":"avatars/purpple-penguin.png","AssetFile":"avatars/purpple-penguin.png","Selectors":[],"ResponseHeaders":[{"Name":"Accept-Ranges","Value":"bytes"},{"Name":"Cache-Control","Value":"no-cache"},{"Name":"Content-Length","Value":"13763"},{"Name":"Content-Type","Value":"image/png"},{"Name":"ETag","Value":"\"eQd6zvkcdwBS9dMdMPOryXTGUCg8toE4wC/zBf+Ovo8=\""},{"Name":"Last-Modified","Value":"Fri, 14 Nov 2025 15:39:13 GMT"}],"EndpointProperties":[{"Name":"integrity","Value":"sha256-eQd6zvkcdwBS9dMdMPOryXTGUCg8toE4wC/zBf+Ovo8="}]},{"Route":"avatars/purpple-penguin.posttdovg4.png","AssetFile":"avatars/purpple-penguin.png","Selectors":[],"ResponseHeaders":[{"Name":"Accept-Ranges","Value":"bytes"},{"Name":"Cache-Control","Value":"max-age=31536000, immutable"},{"Name":"Content-Length","Value":"13763"},{"Name":"Content-Type","Value":"image/png"},{"Name":"ETag","Value":"\"eQd6zvkcdwBS9dMdMPOryXTGUCg8toE4wC/zBf+Ovo8=\""},{"Name":"Last-Modified","Value":"Fri, 14 Nov 2025 15:39:13 GMT"}],"EndpointProperties":[{"Name":"fingerprint","Value":"posttdovg4"},{"Name":"integrity","Value":"sha256-eQd6zvkcdwBS9dMdMPOryXTGUCg8toE4wC/zBf+Ovo8="},{"Name":"label","Value":"avatars/purpple-penguin.png"}]},{"Route":"avatars/superhero-girl.98in1tnm01.png","AssetFile":"avatars/superhero-girl.png","Selectors":[],"ResponseHeaders":[{"Name":"Accept-Ranges","Value":"bytes"},{"Name":"Cache-Control","Value":"max-age=31536000, immutable"},{"Name":"Content-Length","Value":"39642"},{"Name":"Content-Type","Value":"image/png"},{"Name":"ETag","Value":"\"CeGWdS01Pmty4IOI+WW/+QsBhti6TW4S6IYWicRXgQM=\""},{"Name":"Last-Modified","Value":"Fri, 14 Nov 2025 15:34:05 GMT"}],"EndpointProperties":[{"Name":"fingerprint","Value":"98in1tnm01"},{"Name":"integrity","Value":"sha256-CeGWdS01Pmty4IOI+WW/+QsBhti6TW4S6IYWicRXgQM="},{"Name":"label","Value":"avatars/superhero-girl.png"}]},{"Route":"avatars/superhero-girl.png","AssetFile":"avatars/superhero-girl.png","Selectors":[],"ResponseHeaders":[{"Name":"Accept-Ranges","Value":"bytes"},{"Name":"Cache-Control","Value":"no-cache"},{"Name":"Content-Length","Value":"39642"},{"Name":"Content-Type","Value":"image/png"},{"Name":"ETag","Value":"\"CeGWdS01Pmty4IOI+WW/+QsBhti6TW4S6IYWicRXgQM=\""},{"Name":"Last-Modified","Value":"Fri, 14 Nov 2025 15:34:05 GMT"}],"EndpointProperties":[{"Name":"integrity","Value":"sha256-CeGWdS01Pmty4IOI+WW/+QsBhti6TW4S6IYWicRXgQM="}]},{"Route":"avatars/superhero.png","AssetFile":"avatars/superhero.png","Selectors":[],"ResponseHeaders":[{"Name":"Accept-Ranges","Value":"bytes"},{"Name":"Cache-Control","Value":"no-cache"},{"Name":"Content-Length","Value":"19680"},{"Name":"Content-Type","Value":"image/png"},{"Name":"ETag","Value":"\"S6tF9xZxUEGgwSYYy21CS0z9xKprjvbDQ9f5anzQGlE=\""},{"Name":"Last-Modified","Value":"Fri, 14 Nov 2025 15:33:47 GMT"}],"EndpointProperties":[{"Name":"integrity","Value":"sha256-S6tF9xZxUEGgwSYYy21CS0z9xKprjvbDQ9f5anzQGlE="}]},{"Route":"avatars/superhero.pzvj0zs8s5.png","AssetFile":"avatars/superhero.png","Selectors":[],"ResponseHeaders":[{"Name":"Accept-Ranges","Value":"bytes"},{"Name":"Cache-Control","Value":"max-age=31536000, immutable"},{"Name":"Content-Length","Value":"19680"},{"Name":"Content-Type","Value":"image/png"},{"Name":"ETag","Value":"\"S6tF9xZxUEGgwSYYy21CS0z9xKprjvbDQ9f5anzQGlE=\""},{"Name":"Last-Modified","Value":"Fri, 14 Nov 2025 15:33:47 GMT"}],"EndpointProperties":[{"Name":"fingerprint","Value":"pzvj0zs8s5"},{"Name":"integrity","Value":"sha256-S6tF9xZxUEGgwSYYy21CS0z9xKprjvbDQ9f5anzQGlE="},{"Name":"label","Value":"avatars/superhero.png"}]},{"Route":"avatars/un-ojo.6sfbqxx1mg.png","AssetFile":"avatars/un-ojo.png","Selectors":[],"ResponseHeaders":[{"Name":"Accept-Ranges","Value":"bytes"},{"Name":"Cache-Control","Value":"max-age=31536000, immutable"},{"Name":"Content-Length","Value":"2707"},{"Name":"Content-Type","Value":"image/png"},{"Name":"ETag","Value":"\"Wg2p87fTtVaybCnlVs5nw1gQe0oyKyNps9/KoM/WwQ0=\""},{"Name":"Last-Modified","Value":"Fri, 14 Nov 2025 15:35:35 GMT"}],"EndpointProperties":[{"Name":"fingerprint","Value":"6sfbqxx1mg"},{"Name":"integrity","Value":"sha256-Wg2p87fTtVaybCnlVs5nw1gQe0oyKyNps9/KoM/WwQ0="},{"Name":"label","Value":"avatars/un-ojo.png"}]},{"Route":"avatars/un-ojo.png","AssetFile":"avatars/un-ojo.png","Selectors":[],"ResponseHeaders":[{"Name":"Accept-Ranges","Value":"bytes"},{"Name":"Cache-Control","Value":"no-cache"},{"Name":"Content-Length","Value":"2707"},{"Name":"Content-Type","Value":"image/png"},{"Name":"ETag","Value":"\"Wg2p87fTtVaybCnlVs5nw1gQe0oyKyNps9/KoM/WwQ0=\""},{"Name":"Last-Modified","Value":"Fri, 14 Nov 2025 15:35:35 GMT"}],"EndpointProperties":[{"Name":"integrity","Value":"sha256-Wg2p87fTtVaybCnlVs5nw1gQe0oyKyNps9/KoM/WwQ0="}]}]}