<?xml version="1.0"?>
<doc>
    <assembly>
        <name>UpsaMe-API</name>
    </assembly>
    <members>
        <member name="M:UpsaMe_API.Controllers.AuthController.Register(UpsaMe_API.DTOs.Auth.RegisterDto,System.Threading.CancellationToken)">
            <summary>Registro de usuario UPSA.</summary>
        </member>
        <member name="M:UpsaMe_API.Controllers.AuthController.Login(UpsaMe_API.DTOs.Auth.LoginDto,System.Threading.CancellationToken)">
            <summary>Login con email institucional y contraseña.</summary>
        </member>
        <member name="M:UpsaMe_API.Controllers.AuthController.Refresh(UpsaMe_API.Controllers.RefreshTokenRequestDto,System.Threading.CancellationToken)">
            <summary>Refresca el access token usando el refresh token.</summary>
        </member>
        <member name="T:UpsaMe_API.Controllers.RefreshTokenRequestDto">
            <summary>Body para /auth/refresh.</summary>
        </member>
        <member name="M:UpsaMe_API.Controllers.PostsController.SearchBySubject(System.String,System.Int32,System.Int32)">
            <summary>Busca publicaciones por nombre de materia.</summary>
        </member>
        <member name="M:UpsaMe_API.Controllers.PublicUsersController.GetById(System.Guid)">
            <summary>
            Obtiene el perfil público de un usuario por su Id.
            </summary>
        </member>
        <member name="M:UpsaMe_API.Controllers.UsersController.GetMyProfile">
            <summary>Perfil del usuario autenticado.</summary>
        </member>
        <member name="M:UpsaMe_API.Controllers.UsersController.GetPublicProfile(System.Guid)">
            <summary>
            Perfil público por Id (para cuando clickean el nombre en un post).
            </summary>
        </member>
        <member name="M:UpsaMe_API.Controllers.UsersController.GetAvatarOptions">
            <summary>
            Opciones públicas de avatar (lista de ids/nombres/urls del catálogo).
            Ruta: GET users/avatars/options
            </summary>
        </member>
        <member name="M:UpsaMe_API.Controllers.UsersController.UpdateProfile(UpsaMe_API.DTOs.User.UpdateProfileDto)">
            <summary>
            Actualiza el perfil del usuario autenticado (nombre, teléfono, semestre, foto).
            </summary>
        </member>
        <member name="M:UpsaMe_API.Data.Seed.CareerSeed.Upsert(UpsaMe_API.Data.UpsaMeDbContext)">
            <summary>
            Inserta solo las carreras faltantes (por Slug). Idempotente.
            </summary>
        </member>
        <member name="P:UpsaMe_API.DTOs.Auth.TokenResponseDto.AccessToken">
            <summary>
            Token JWT de acceso (válido por un período corto).
            </summary>
        </member>
        <member name="P:UpsaMe_API.DTOs.Auth.TokenResponseDto.RefreshToken">
            <summary>
            Token de actualización (permite solicitar un nuevo AccessToken sin volver a iniciar sesión).
            </summary>
        </member>
        <member name="P:UpsaMe_API.DTOs.Auth.TokenResponseDto.ExpiresAtUtc">
            <summary>
            Fecha y hora (UTC) en que el AccessToken expira.
            </summary>
        </member>
        <member name="P:UpsaMe_API.DTOs.User.UpdateProfileDto.ProfilePhoto">
            <summary>
            Imagen de perfil del usuario (archivo opcional).
            </summary>
        </member>
        <member name="T:UpsaMe_API.Migrations.InitialCreate7">
            <inheritdoc />
        </member>
        <member name="M:UpsaMe_API.Migrations.InitialCreate7.Up(Microsoft.EntityFrameworkCore.Migrations.MigrationBuilder)">
            <inheritdoc />
        </member>
        <member name="M:UpsaMe_API.Migrations.InitialCreate7.Down(Microsoft.EntityFrameworkCore.Migrations.MigrationBuilder)">
            <inheritdoc />
        </member>
        <member name="M:UpsaMe_API.Migrations.InitialCreate7.BuildTargetModel(Microsoft.EntityFrameworkCore.ModelBuilder)">
            <inheritdoc />
        </member>
        <member name="T:UpsaMe_API.Migrations.InitialCreate25">
            <inheritdoc />
        </member>
        <member name="M:UpsaMe_API.Migrations.InitialCreate25.Up(Microsoft.EntityFrameworkCore.Migrations.MigrationBuilder)">
            <inheritdoc />
        </member>
        <member name="M:UpsaMe_API.Migrations.InitialCreate25.Down(Microsoft.EntityFrameworkCore.Migrations.MigrationBuilder)">
            <inheritdoc />
        </member>
        <member name="M:UpsaMe_API.Migrations.InitialCreate25.BuildTargetModel(Microsoft.EntityFrameworkCore.ModelBuilder)">
            <inheritdoc />
        </member>
        <member name="T:UpsaMe_API.Migrations.InitialCreate26">
            <inheritdoc />
        </member>
        <member name="M:UpsaMe_API.Migrations.InitialCreate26.Up(Microsoft.EntityFrameworkCore.Migrations.MigrationBuilder)">
            <inheritdoc />
        </member>
        <member name="M:UpsaMe_API.Migrations.InitialCreate26.Down(Microsoft.EntityFrameworkCore.Migrations.MigrationBuilder)">
            <inheritdoc />
        </member>
        <member name="M:UpsaMe_API.Migrations.InitialCreate26.BuildTargetModel(Microsoft.EntityFrameworkCore.ModelBuilder)">
            <inheritdoc />
        </member>
        <member name="P:UpsaMe_API.Models.CalendlyEvent.EventUri">
            <summary>
            URI único del evento en Calendly.
            </summary>
        </member>
        <member name="P:UpsaMe_API.Models.CalendlyEvent.InviteeUri">
            <summary>
            URI del invitado (si aplica).
            </summary>
        </member>
        <member name="P:UpsaMe_API.Models.CalendlyEvent.StartUtc">
            <summary>
            Fecha y hora de inicio del evento (UTC).
            </summary>
        </member>
        <member name="P:UpsaMe_API.Models.CalendlyEvent.EndUtc">
            <summary>
            Fecha y hora de finalización del evento (UTC).
            </summary>
        </member>
        <member name="P:UpsaMe_API.Models.CalendlyEvent.Status">
            <summary>
            Estado actual del evento (ej. "active", "canceled").
            </summary>
        </member>
        <member name="P:UpsaMe_API.Models.CalendlyEvent.RawJson">
            <summary>
            JSON crudo de Calendly (puede contener metadatos adicionales).
            </summary>
        </member>
        <member name="P:UpsaMe_API.Models.CalendlyEventType.UserId">
            <summary>
            Usuario al que pertenece este tipo de evento (referencia externa).
            </summary>
        </member>
        <member name="P:UpsaMe_API.Models.CalendlyEventType.EventTypeUri">
            <summary>
            URI único del tipo de evento en Calendly.
            </summary>
        </member>
        <member name="P:UpsaMe_API.Models.CalendlyEventType.Name">
            <summary>
            Nombre descriptivo del tipo de evento.
            </summary>
        </member>
        <member name="P:UpsaMe_API.Models.CalendlyEventType.DurationMin">
            <summary>
            Duración del evento en minutos.
            </summary>
        </member>
        <member name="P:UpsaMe_API.Models.CalendlyEventType.Active">
            <summary>
            Indica si el evento está activo y sincronizado actualmente.
            </summary>
        </member>
        <member name="P:UpsaMe_API.Models.CalendlyEventType.SyncedAtUtc">
            <summary>
            Fecha y hora (UTC) en que se sincronizó por última vez.
            </summary>
        </member>
    </members>
</doc>
